{
    "type": "minecraft:crafting_shaped",
    "pattern": [
        "# #",
        "RER",
        "CCC"
    ],
    "key": {
        "#": {
            "item": "minecraft:redstone_torch"
        },
        "R": {
            "item": "minecraft:redstone_block"
        },
        "E": {
            "item": "minecraft:ender_pearl"
        },
        "C": {
            "item": "minecraft:copper_block"
        }
    },
    "result": {
        "item": "drivebywire:controller_hub",
        "count": 1
    }
}